State,name,party,district,phone,url,twitter,facebook,youtube,instagram
Alabama,Barry Moore,R,AL-01,202-225-2901,https://barrymoore.house.gov,RepBarryMoore,RepBarryMoore,,
Alabama,Shomari Figures,D,AL-02,202-225-4931,https://figures.house.gov,repscfigures,congressman.shomari.figures,,repscfigures
Alabama,Mike Rogers,R,AL-03,202-225-3261,https://mikerogers.house.gov,RepMikeRogersAL,CongressmanMikeDRogers,MikeRogersAL03,repmikerogersal
Alabama,Robert Aderholt,R,AL-04,202-225-4876,https://aderholt.house.gov,Robert_Aderholt,RobertAderholt,RobertAderholt,
Alabama,Dale Strong,R,AL-05,202-225-4801,https://strong.house.gov,RepDaleStrong,repdalestrong,,repdalestrong
Alabama,Gary Palmer,R,AL-06,202-225-4921,https://palmer.house.gov,USRepGaryPalmer,CongressmanGaryPalmer,,repgarypalmer
Alabama,Terri Sewell,D,AL-07,202-225-2665,https://sewell.house.gov,RepTerriSewell,RepSewell,RepSewell,repterriasewell
Alabama,Tommy Tuberville,R,Senate,202-224-4124,https://www.tuberville.senate.gov,SenTuberville,RogerMarshallMD,,sentuberville
Alabama,Katie Britt,R,Senate,202-224-5744,https://www.britt.senate.gov,SenKatieBritt,senkatiebritt,UCbrYQF8n5ftTPqn8ZNo5vYw,senkatiebritt
Alaska,Nicholas Begich,R,AK-AL,202-225-5765,https://begich.house.gov,repnickbegich,RepNickBegich,,RepNickBegich
Alaska,Lisa Murkowski,R,Senate,202-224-6665,https://www.murkowski.senate.gov,LisaMurkowski,SenLisaMurkowski,senatormurkowski,senlisamurkowski
Alaska,Dan Sullivan,R,Senate,202-224-3004,https://www.sullivan.senate.gov,SenDanSullivan,SenDanSullivan,,sen_dansullivan
American Samoa,Aumua Amata Radewagen,R,AS-AL,202-225-8577,https://radewagen.house.gov,RepAmata,aumuaamata,,
Arizona,David Schweikert,R,AZ-01,202-225-2190,https://schweikert.house.gov,RepDavid,repdavidschweikert,RepDavidSchweikert,repdavid
Arizona,Eli Crane,R,AZ-02,202-225-3361,https://crane.house.gov,RepEliCrane,100088851021670,@rep.elicrane,
Arizona,Yassamin Ansari,D,AZ-03,202-225-4065,https://ansari.house.gov,RepYassAnsari,RepYassAnsari,,RepYassAnsari
Arizona,Greg Stanton,D,AZ-04,202-225-9888,https://stanton.house.gov,RepGregStanton,repgregstanton,,repgregstanton
Arizona,Andy Biggs,R,AZ-05,202-225-2635,https://biggs.house.gov,RepAndyBiggsAZ,RepAndyBiggs,,repandybiggs
Arizona,Juan Ciscomani,R,AZ-06,202-225-2542,https://ciscomani.house.gov,RepCiscomani,100089186535085,UCD329AYGX7YnMMSUaTKWHwA,repjuanciscomani
Arizona,Abraham Hamadeh,R,AZ-08,202-225-4576,https://hamadeh.house.gov,,,,
Arizona,Paul Gosar,R,AZ-09,202-225-2315,https://gosar.house.gov,RepGosar,repgosar,repgosar,REPGOSAR
Arizona,Ruben Gallego,D,Senate,202-224-4521,https://www.gallego.senate.gov,RepRubenGallego,RepRubenGallego,,reprubengallego
Arizona,Mark Kelly,D,Senate,202-224-2235,https://www.kelly.senate.gov,SenMarkKelly,SenMarkKelly,SenMarkKelly,senmarkkelly
Arkansas,Eric Crawford,R,AR-01,202-225-4076,https://crawford.house.gov,RepRickCrawford,RepRickCrawford,RepRickCrawford,reprickcrawford
Arkansas,J. Hill,R,AR-02,202-225-2506,https://hill.house.gov,RepFrenchHill,RepFrenchHill,,repfrenchhill
Arkansas,Steve Womack,R,AR-03,202-225-4301,https://womack.house.gov,Rep_SteveWomack,RepSteveWomack,CongressmanWomack,rep_stevewomack
Arkansas,Bruce Westerman,R,AR-04,202-225-3772,https://westerman.house.gov,RepWesterman,RepWesterman,,
Arkansas,John Boozman,R,Senate,202-224-4843,https://www.boozman.senate.gov/public,JohnBoozman,JohnBoozman,BoozmanPressOffice,johnboozman
Arkansas,Tom Cotton,R,Senate,202-224-2353,https://www.cotton.senate.gov,SenTomCotton,SenatorTomCotton,RepTomCotton,
California,Doug LaMalfa,R,CA-01,202-225-3076,https://lamalfa.house.gov,RepLaMalfa,RepLaMalfa,RepLaMalfa,repdouglamalfa
California,Jared Huffman,D,CA-02,202-225-5161,https://huffman.house.gov,RepHuffman,RepHuffman,rephuffman,rephuffman
California,Kevin Kiley,R,CA-03,202-225-2523,https://kiley.house.gov,RepKiley,100089382125341,@repkevinkiley,
California,Mike Thompson,D,CA-04,202-225-3311,https://mikethompson.house.gov,RepThompson,RepMikeThompson,CongressmanMThompson,
California,Tom McClintock,R,CA-05,202-225-2511,https://mcclintock.house.gov,RepMcClintock,81125319109,McClintockCA04,repmcclintock
California,Ami Bera,D,CA-06,202-225-5716,https://bera.house.gov,RepBera,RepAmiBera,repamibera,repbera
California,Doris Matsui,D,CA-07,202-225-7163,https://matsui.house.gov,DorisMatsui,doris.matsui,RepDorisMatsui,repdorismatsui
California,John Garamendi,D,CA-08,202-225-1880,https://garamendi.house.gov,RepGaramendi,repgaramendi,garamendiCA10,repgaramendi
California,Josh Harder,D,CA-09,202-225-4540,https://harder.house.gov,RepJoshHarder,,,
California,Mark DeSaulnier,D,CA-10,202-225-2095,https://desaulnier.house.gov,RepDeSaulnier,RepMarkDeSaulnier,,repdesaulnier
California,Nancy Pelosi,D,CA-11,202-225-4965,https://pelosi.house.gov,SpeakerPelosi,NancyPelosi,nancypelosi,
California,Lateefah Simon,D,CA-12,202-225-2661,https://simon.house.gov,RepLSimon,RepLSimon,,RepLSimon
California,Adam Gray,D,CA-13,202-225-1947,https://gray.house.gov,RepAdamGrayCA,repadamgrayca,,repadamgrayca
California,Eric Swalwell,D,CA-14,202-225-5065,https://swalwell.house.gov,RepSwalwell,CongressmanEricSwalwell,ericswalwell,repswalwell
California,Kevin Mullin,D,CA-15,202-225-3531,https://kevinmullin.house.gov,RepKevinMullin,CongressmanKevinMullin,UCAenuXjUZagZyD4HQL7_2ZA,repkevinmullin
California,Sam Liccardo,D,CA-16,202-225-8104,https://liccardo.house.gov,repliccardo,,,repliccardo
California,Ro Khanna,D,CA-17,202-225-2631,https://khanna.house.gov,RepRoKhanna,RepRoKhanna,,reprokhanna
California,Zoe Lofgren,D,CA-18,202-225-3072,https://lofgren.house.gov,RepZoeLofgren,zoelofgren,RepZoeLofgren,
California,Jimmy Panetta,D,CA-19,202-225-2861,https://panetta.house.gov,RepJimmyPanetta,RepJimmyPanetta,,repjimmypanetta
California,Vince Fong,R,CA-20,202-225-2915,https://fong.house.gov,RepVinceFong,,,repvincefong
California,Jim Costa,D,CA-21,202-225-3341,https://costa.house.gov,RepJimCosta,RepJimCosta,RepJimCostaCA20,
California,David Valadao,R,CA-22,202-225-4695,https://valadao.house.gov,RepDavidValadao,CongressmanDavidValadao,,
California,Jay Obernolte,R,CA-23,202-225-5861,https://obernolte.house.gov,JayObernolte,,,
California,Salud Carbajal,D,CA-24,202-225-3601,https://carbajal.house.gov,RepCarbajal,repsaludcarbajal,repcarbajal,repcarbajal
California,Raul Ruiz,D,CA-25,202-225-5330,https://ruiz.house.gov,RepRaulRuizMD,CongressmanRaulRuizMD,repraulruiz,
California,Julia Brownley,D,CA-26,202-225-5811,https://juliabrownley.house.gov,RepBrownley,RepJuliaBrownley,RepJuliaBrownley,RepBrownley
California,George Whitesides,D,CA-27,202-225-1956,https://whitesides.house.gov,Rep_Whitesides,repwhitesides,,repwhitesides
California,Judy Chu,D,CA-28,202-225-5464,https://chu.house.gov,RepJudyChu,RepJudyChu,RepJudyChu,repjudychu
California,Luz Rivas,D,CA-29,202-225-6131,https://rivas.house.gov,RepLuzRivas,congresswomanluzrivas,,RepLuzRivas
California,Laura Friedman,D,CA-30,202-225-4176,https://friedman.house.gov,RepFriedmanCA,RepLauraFriedman,,RepLauraFriedman
California,Gilbert Cisneros,D,CA-31,202-225-5256,https://cisneros.house.gov,,RepGilCisneros,,repgilcisneros
California,Brad Sherman,D,CA-32,202-225-5911,https://sherman.house.gov,BradSherman,63158229861,shermanca27,congressmansherman
California,Pete Aguilar,D,CA-33,202-225-3201,https://aguilar.house.gov,RepPeteAguilar,reppeteaguilar,,
California,Jimmy Gomez,D,CA-34,202-225-6235,https://gomez.house.gov,RepJimmyGomez,RepJimmyGomez,UCOmm091WM6D01xTdzsWNvbQ,repjimmygomez
California,Norma Torres,D,CA-35,202-225-6161,https://torres.house.gov,NormaJTorres,RepNormaTorres,,repnormatorres
California,Ted Lieu,D,CA-36,202-225-3976,https://lieu.house.gov,RepTedLieu,RepTedLieu,,RepTedLieu
California,Sydney Kamlager-Dove,D,CA-37,202-225-7084,https://kamlager-dove.house.gov,RepKamlagerDove,RepKamlagerDove,,rep_kamlagerdove
California,Linda Sánchez,D,CA-38,202-225-6676,https://lindasanchez.house.gov,RepLindaSanchez,CongresswomanLindaSanchez,LindaTSanchez,replindasanchez
California,Mark Takano,D,CA-39,202-225-2305,https://takano.house.gov,RepMarkTakano,RepMarkTakano,RepMarkTakano,repmarktakano
California,Young Kim,R,CA-40,202-225-4111,https://youngkim.house.gov,RepYoungKim,RepYoungKim,@RepYoungKim,repyoungkim
California,Ken Calvert,R,CA-41,202-225-1986,https://calvert.house.gov,KenCalvert,70063393423,RepKenCalvert,repkencalvert
California,Robert Garcia,D,CA-42,202-225-7924,https://robertgarcia.house.gov,RepRobertGarcia,reprobertgarcia,,RepRobertGarcia
California,Maxine Waters,D,CA-43,202-225-2201,https://waters.house.gov,RepMaxineWaters,MaxineWaters,MaxineWaters,repmaxinewaters
California,Nanette Barragán,D,CA-44,202-225-8220,https://barragan.house.gov,RepBarragan,CongresswomanBarragan,,repbarragan
California,Derek Tran,D,CA-45,202-225-2415,https://tran.house.gov,,,,
California,J. Correa,D,CA-46,202-225-2965,https://correa.house.gov,RepLouCorrea,RepLouCorrea,,reploucorrea
California,Dave Min,D,CA-47,202-225-5611,https://min.house.gov,,,,
California,Darrell Issa,R,CA-48,202-225-5672,https://issa.house.gov,repdarrellissa,congressmandarrellissa,,
California,Mike Levin,D,CA-49,202-225-3906,https://levin.house.gov,RepMikeLevin,RepMikeLevin,UCYFDRohyZgoPy5rXOaVZO-A,RepMikeLevin
California,Scott Peters,D,CA-50,202-225-0508,https://scottpeters.house.gov,RepScottPeters,RepScottPeters,,repscottpeters
California,Sara Jacobs,D,CA-51,202-225-2040,https://sarajacobs.house.gov,RepSaraJacobs,RepSaraJacobs,,repsarajacobs
California,Juan Vargas,D,CA-52,202-225-8045,https://vargas.house.gov,RepJuanVargas,RepJuanVargas,RepJuanVargas,repjuanvargas
California,Adam Schiff,D,Senate,202-224-3841,https://www.schiff.senate.gov,,SenAdamSchiff,adamschiff,SenAdamSchiff
California,Alejandro Padilla,D,Senate,202-224-3553,https://www.padilla.senate.gov,SenAlexPadilla,SenAlexPadilla,,SenAlexPadilla
Colorado,Diana DeGette,D,CO-01,202-225-4431,https://degette.house.gov,RepDianaDeGette,DianaDeGette,RepDianaDeGette,
Colorado,Joe Neguse,D,CO-02,202-225-2161,https://neguse.house.gov,RepJoeNeguse,RepJoeNeguse,,
Colorado,Jeff Hurd,R,CO-03,202-225-4676,https://hurd.house.gov,RepJeffHurd,61571570223582,@RepJeffHurd03,repjeffhurd
Colorado,Lauren Boebert,R,CO-04,202-225-4761,https://boebert.house.gov,RepBoebert,RepBoebert,,
Colorado,Jeff Crank,R,CO-05,202-225-4422,https://crank.house.gov,RepJeffCrank,RepJeffCrank,,repjeffcrank
Colorado,Jason Crow,D,CO-06,202-225-7882,https://crow.house.gov,RepJasonCrow,RepJasonCrow,,
Colorado,Brittany Pettersen,D,CO-07,202-225-2645,https://pettersen.house.gov,reppettersen,repbrittanypettersen,,reppettersen
Colorado,Gabe Evans,R,CO-08,202-225-5625,https://gabeevans.house.gov,repgabeevans,RepGabeEvans,,RepGabeEvans
Colorado,Michael Bennet,D,Senate,202-224-5852,https://www.bennet.senate.gov,SenatorBennet,senbennetco,SenatorBennet,SenBennetCO
Colorado,John Hickenlooper,D,Senate,202-224-5941,https://www.hickenlooper.senate.gov,SenatorHick,SenatorHick,UCU6pcq-AZA9wnmIPBj6ePwQ,senatorhick
Connecticut,John Larson,D,CT-01,202-225-2265,https://larson.house.gov,RepJohnLarson,RepJohnLarson,RepJohnLarson,RepJohnBLarson
Connecticut,Joe Courtney,D,CT-02,202-225-2076,https://courtney.house.gov,RepJoeCourtney,joecourtney,repcourtney,repjoecourtney
Connecticut,Rosa DeLauro,D,CT-03,202-225-3661,https://delauro.house.gov,RosaDeLauro,CongresswomanRosaDeLauro,rosadelauro,
Connecticut,James Himes,D,CT-04,202-225-5541,https://himes.house.gov,jahimes,CongressmanJimHimes,congressmanhimes,repjimhimes
Connecticut,Jahana Hayes,D,CT-05,202-225-4476,https://hayes.house.gov,RepJahanaHayes,RepJahanaHayes,UCXngpVME5LZjcdXxZQxSDQA,repjahanahayes
Connecticut,Richard Blumenthal,D,Senate,202-224-2823,https://www.blumenthal.senate.gov,SenBlumenthal,SenBlumenthal,SenatorBlumenthal,senblumenthal
Connecticut,Christopher Murphy,D,Senate,202-224-4041,https://www.murphy.senate.gov,SenMurphyOffice,chrismurphyct,senchrismurphy,senchrismurphy
Delaware,Sarah McBride,D,DE-AL,202-225-4165,https://mcbride.house.gov,,CongresswomanSarahMcBride,,congresswomansarahmcbride
Delaware,Christopher Coons,D,Senate,202-224-5042,https://www.coons.senate.gov,ChrisCoons,senatorchriscoons,senatorchriscoons,senatorchriscoons
Delaware,Lisa Blunt Rochester,D,Senate,202-224-2441,https://www.bluntrochester.senate.gov,RepLBR,Rep.BluntRochester,,senlbr
District of Columbia,Eleanor Norton,D,DC-AL,202-225-8050,https://norton.house.gov,EleanorNorton,CongresswomanNorton,EleanorHNorton,congresswomannorton
Florida,Jimmy Patronis,R,FL-01,202-225-4136,https://patronis.house.gov/,,,,
Florida,Neal Dunn,R,FL-02,202-225-5235,https://dunn.house.gov,DrNealDunnFL2,drnealdunnfl2,,
Florida,Katherine Cammack,R,FL-03,202-225-5744,https://cammack.house.gov,RepKatCammack,RepKatCammack,,repkatcammack
Florida,Aaron Bean,R,FL-04,202-225-0123,https://bean.house.gov,RepAaronBean,100089355874563,,RepAaronBean
Florida,John Rutherford,R,FL-05,202-225-2501,https://rutherford.house.gov,RepRutherfordFL,RepRutherfordFL,Reprutherfordfl,reprutherfordfl
Florida,Randall Fine,R,FL-06,202-225-2706,https://fine.house.gov/,,,,
Florida,Cory Mills,R,FL-07,202-225-4035,https://mills.house.gov,RepMillsPress,100089218152197,,repcorymills
Florida,Mike Haridopolos,R,FL-08,202-225-3671,https://haridopolos.house.gov,repharidopolos,,,
Florida,Darren Soto,D,FL-09,202-225-9889,https://soto.house.gov,RepDarrenSoto,CongressmanDarrenSoto,repdarrensoto,RepDarrenSoto
Florida,Maxwell Frost,D,FL-10,202-225-2176,https://frost.house.gov,RepMaxwellFrost,RepMaxwellFrost,,RepMaxwellFrost
Florida,Daniel Webster,R,FL-11,202-225-1002,https://webster.house.gov,RepWebster,RepWebster,repdanwebster,
Florida,Gus Bilirakis,R,FL-12,202-225-5755,https://bilirakis.house.gov,RepGusBilirakis,GusBilirakis,RepGusBilirakis,gusbilirakis
Florida,Anna Luna,R,FL-13,202-225-5961,https://luna.house.gov,RepLuna,,@RepLuna,repluna
Florida,Kathy Castor,D,FL-14,202-225-3376,https://castor.house.gov,USRepKCastor,USRepKathyCastor,RepKathyCastor,usrepkathycastor
Florida,Laurel Lee,R,FL-15,202-225-5626,https://laurellee.house.gov,RepLaurelLee,RepLaurelLee,,replaurellee
Florida,Vern Buchanan,R,FL-16,202-225-5015,https://buchanan.house.gov,VernBuchanan,CongressmanBuchanan,vernbuchanan,repvern
Florida,W. Steube,R,FL-17,202-225-5792,https://steube.house.gov,RepGregSteube,RepGregSteube,@RepGregSteube,repgregsteube
Florida,C. Franklin,R,FL-18,202-225-1252,https://franklin.house.gov,RepFranklin,RepFranklin,@RepFranklin,RepFranklin
Florida,Byron Donalds,R,FL-19,202-225-2536,https://donalds.house.gov,RepDonaldsPress,,UCjy0W7sksMz37IYY27tAZNQ,byrondonalds
Florida,Sheila Cherfilus-McCormick,D,FL-20,202-225-1313,https://cherfilus-mccormick.house.gov,,congresswomanSCM,,
Florida,Brian Mast,R,FL-21,202-225-3026,https://mast.house.gov,RepBrianMast,repbrianmast,repbrianmast,RepBrianMast
Florida,Lois Frankel,D,FL-22,202-225-9890,https://frankel.house.gov,RepLoisFrankel,RepLoisFrankel,reploisfrankel,reploisfrankel
Florida,Jared Moskowitz,D,FL-23,202-225-3001,https://moskowitz.house.gov,RepMoskowitz,RepMoskowitz,@RepMoskowitz,repmoskowitz
Florida,Frederica Wilson,D,FL-24,202-225-4506,https://wilson.house.gov,RepWilson,RepWilson,repfredericawilson,repwilson
Florida,Debbie Wasserman Schultz,D,FL-25,202-225-7931,https://wassermanschultz.house.gov,RepDWStweets,RepDWS,RepWassermanSchultz,RepDWSTweets
Florida,Mario Diaz-Balart,R,FL-26,202-225-4211,https://mariodiazbalart.house.gov,MarioDB,mdiazbalart,MarioDiazBalart,repmariodb
Florida,Maria Salazar,R,FL-27,202-225-3931,https://salazar.house.gov,RepMariaSalazar,RepMariaSalazar,,repmariasalazar
Florida,Carlos Gimenez,R,FL-28,202-225-2778,https://gimenez.house.gov,RepCarlos,RepCarlosGimenez,,repcarlosfl
Florida,Rick Scott,R,Senate,202-224-5274,https://www.rickscott.senate.gov,SenRickScott,RickScottSenOffice,,flsenrickscott
Florida,Ashley Moody,R,Senate,202-224-3041,https://www.moody.senate.gov,,,,
Georgia,Earl Carter,R,GA-01,202-225-5831,https://buddycarter.house.gov,RepBuddyCarter,congressmanbuddycarter,,repbuddycarter
Georgia,Sanford Bishop,D,GA-02,202-225-3631,https://bishop.house.gov,SanfordBishop,sanfordbishop,RepSanfordBishop,
Georgia,Brian Jack,R,GA-03,202-225-5901,https://jack.house.gov,RepBrianJack,RepBrianJack,,repbrianjack
Georgia,Henry Johnson,D,GA-04,202-225-1605,https://hankjohnson.house.gov,RepHankJohnson,115356957005,RepHankJohnson,rephankjohnson
Georgia,Nikema Williams,D,GA-05,202-225-3801,https://nikemawilliams.house.gov,RepNikema,RepNikemaWilliams,,repnikema
Georgia,Lucy McBath,D,GA-06,202-225-4501,https://mcbath.house.gov,RepLucyMcBath,RepLucyMcBath,,replucymcbath
Georgia,Rich McCormick,R,GA-07,202-225-4272,https://mccormick.house.gov,RepMcCormick,100089135203690,,reprichmccormick
Georgia,Austin Scott,R,GA-08,202-225-6531,https://austinscott.house.gov,AustinScottGA08,RepAustinScott,RepAustinScott,
Georgia,Andrew Clyde,R,GA-09,202-225-9893,https://clyde.house.gov,Rep_Clyde,RepresentativeClyde,UC-o-UOnLuu8pZxZpShG4s7A,repclyde
Georgia,Mike Collins,R,GA-10,202-225-4101,https://collins.house.gov,RepMikeCollins,RepMikeCollinsGA,,repmikecollins
Georgia,Barry Loudermilk,R,GA-11,202-225-2931,https://loudermilk.house.gov,RepLoudermilk,reploudermilk,,RepLoudermilk
Georgia,Rick Allen,R,GA-12,202-225-2823,https://allen.house.gov,RepRickAllen,CongressmanRickAllen,,Rep_RickAllen
Georgia,David Scott,D,GA-13,202-225-2939,https://davidscott.house.gov,RepDavidScott,113303673339,RepDavidScott,RepDavidScott
Georgia,Marjorie Greene,R,GA-14,202-225-5211,https://greene.house.gov,RepMTG,RepMTGreene,,repmtg
Georgia,Jon Ossoff,D,Senate,202-224-3521,https://www.ossoff.senate.gov,SenOssoff,SenOssoff,,jonossoff
Georgia,Raphael Warnock,D,Senate,202-224-3643,https://www.warnock.senate.gov,SenatorWarnock,SenatorWarnock,senatorwarnock,
Guam,James (Jim) Moylan,R,GU-AL,202-225-1188,https://moylan.house.gov,JMoylanforGuam,100089324793869,,repjamesmoylan
Hawaii,Ed Case,D,HI-01,202-225-2726,https://case.house.gov,RepEdCase,RepEdCase,RepEdCase,repedcase
Hawaii,Jill Tokuda,D,HI-02,202-225-4906,https://tokuda.house.gov,RepJillTokuda,RepJillTokuda,UCBXwZrEZWQiSXebInVuYuvw,repjilltokuda
Hawaii,Mazie Hirono,D,Senate,202-224-6361,https://www.hirono.senate.gov,MazieHirono,senatorhirono,CongresswomanHirono,maziehirono
Hawaii,Brian Schatz,D,Senate,202-224-3934,https://www.schatz.senate.gov,SenBrianSchatz,SenBrianSchatz,senbrianschatz,senbrianschatz
Idaho,Russ Fulcher,R,ID-01,202-225-6611,https://fulcher.house.gov,RepRussFulcher,RepRussFulcher,UCx2AS0O5frzPB8D6TqJ3Mqg,RepRussFulcher
Idaho,Michael Simpson,R,ID-02,202-225-5531,https://simpson.house.gov,CongMikeSimpson,96007744606,CongMikeSimpson,congressmanmikesimpson
Idaho,James Risch,R,Senate,202-224-2752,https://www.risch.senate.gov,SenatorRisch,senatorjimrisch,SenatorJamesRisch,
Idaho,Michael Crapo,R,Senate,202-224-6142,https://www.crapo.senate.gov,MikeCrapo,mikecrapo,senatorcrapo,mikecrapo
Illinois,Jonathan Jackson,D,IL-01,202-225-4372,https://jonathanjackson.house.gov,,repjackson,,repjackson
Illinois,Robin Kelly,D,IL-02,202-225-0773,https://robinkelly.house.gov,RepRobinKelly,reprobinkelly,,reprobinkelly
Illinois,Delia Ramirez,D,IL-03,202-225-5701,https://ramirez.house.gov,repdeliaramirez,Repdeliaramirez,,repdeliaramirez
Illinois,Jesús García,D,IL-04,202-225-8203,https://chuygarcia.house.gov,RepChuyGarcia,RepChuyGarcia,,
Illinois,Mike Quigley,D,IL-05,202-225-4061,https://quigley.house.gov,RepMikeQuigley,repmikequigley,RepMikeQuigley,repmikequigley
Illinois,Sean Casten,D,IL-06,202-225-4561,https://casten.house.gov,RepCasten,RepSeanCasten,,repseancasten
Illinois,Danny Davis,D,IL-07,202-225-5006,https://davis.house.gov,RepDannyDavis,CongressmanDKDavis,dannykdavis07,
Illinois,Raja Krishnamoorthi,D,IL-08,202-225-3711,https://krishnamoorthi.house.gov,CongressmanRaja,congressmanraja,,congressmanraja
Illinois,Janice Schakowsky,D,IL-09,202-225-2111,https://schakowsky.house.gov,JanSchakowsky,janschakowsky,repschakowsky,JanSchakowsky
Illinois,Bradley Schneider,D,IL-10,202-225-4835,https://schneider.house.gov,RepSchneider,CongressmanBradSchneider,RepBradSchneider,repschneider
Illinois,Bill Foster,D,IL-11,202-225-3515,https://foster.house.gov,RepBillFoster,CongressmanBillFoster,RepBillFoster,
Illinois,Mike Bost,R,IL-12,202-225-5661,https://bost.house.gov,RepBost,RepBost,,
Illinois,Nicole (Nikki) Budzinski,D,IL-13,202-225-2371,https://budzinski.house.gov,RepNikkiB,RepNikkiBudzinski,UCp0Ykb-qUGx3ekTH9MIEK-w,repnikki
Illinois,Lauren Underwood,D,IL-14,202-225-2976,https://underwood.house.gov,RepUnderwood,,,
Illinois,Mary Miller,R,IL-15,202-225-5271,https://marymiller.house.gov,RepMaryMiller,RepMaryMiller,,
Illinois,Darin LaHood,R,IL-16,202-225-6201,https://lahood.house.gov,RepLaHood,replahood,,
Illinois,Eric Sorensen,D,IL-17,202-225-5905,https://sorensen.house.gov,RepEricSorensen,,,repericsorensen
Illinois,Richard Durbin,D,Senate,202-224-2152,https://www.durbin.senate.gov,SenatorDurbin,SenatorDurbin,SenatorDurbin,
Illinois,Tammy Duckworth,D,Senate,202-224-2854,https://www.duckworth.senate.gov,SenDuckworth,SenDuckworth,repduckworth,SenDuckworth
Indiana,Frank Mrvan,D,IN-01,202-225-2461,https://mrvan.house.gov,RepMrvan,RepMrvan,,
Indiana,Rudy Yakym,R,IN-02,202-225-3915,https://yakym.house.gov,RepRudyYakym,RepRudyYakym,,
Indiana,Marlin Stutzman,R,IN-03,202-225-4436,https://stutzman.house.gov,RepStutzman,repstutzman,,repstutzman
Indiana,James Baird,R,IN-04,202-225-5037,https://baird.house.gov,RepJimBaird,RepJimBaird,UCAe6fGhotC9J9tR_QONYzFA,
Indiana,Victoria Spartz,R,IN-05,202-225-2276,https://spartz.house.gov,RepSpartz,RepSpartz,,
Indiana,Jefferson Shreve,R,IN-06,202-225-3021,https://shreve.house.gov,repshreve,RepJeffersonShreve,,repshreve
Indiana,André Carson,D,IN-07,202-225-4011,https://carson.house.gov,RepAndreCarson,CongressmanAndreCarson,repandrecarson,repandrecarson
Indiana,Mark Messmer,R,IN-08,202-225-4636,https://messmer.house.gov,,CongressmanMessmer,,HouseRepublicans
Indiana,Erin Houchin,R,IN-09,202-225-5315,https://houchin.house.gov,RepHouchin,RepHouchin,,rephouchin
Indiana,Todd Young,R,Senate,202-224-5623,https://www.young.senate.gov,SenToddYoung,SenatorToddYoung,RepToddYoung,sentoddyoung
Indiana,Jim Banks,R,Senate,202-224-4814,https://www.banks.senate.gov,RepJimBanks,RepJimBanks,,repjimbanks
Iowa,Mariannette Miller-Meeks,R,IA-01,202-225-6576,https://millermeeks.house.gov,RepMMM,RepMMM,,
Iowa,Ashley Hinson,R,IA-02,202-225-2911,https://hinson.house.gov,RepAshleyHinson,RepAshleyHinson,,
Iowa,Zachary (Zach) Nunn,R,IA-03,202-225-5476,https://nunn.house.gov,ZachNunn,RepZachNunn,UCHcM0qd2GQ2CbOHSGZ06rrA,repzachnunn
Iowa,Randy Feenstra,R,IA-04,202-225-4426,https://feenstra.house.gov,RepFeenstra,repfeenstra,,
Iowa,Charles Grassley,R,Senate,202-224-3744,https://www.grassley.senate.gov,ChuckGrassley,grassley,senchuckgrassley,senatorchuckgrassley
Iowa,Joni Ernst,R,Senate,202-224-3254,https://www.ernst.senate.gov,SenJoniErnst,senjoniernst,,senjoniernst
Kansas,Tracey Mann,R,KS-01,202-225-2715,https://mann.house.gov,RepMann,Congressman-Tracey-Mann-105522931489227,,reptraceymann
Kansas,Derek Schmidt,R,KS-02,202-225-6601,https://schmidt.house.gov,repderekschmidt,repderekschmidt,,repderekschmidt
Kansas,Sharice Davids,D,KS-03,202-225-2865,https://davids.house.gov,RepDavids,,,
Kansas,Ron Estes,R,KS-04,202-225-6216,https://estes.house.gov,RepRonEstes,RepRonEstes,,RepRonEstes
Kansas,Jerry Moran,R,Senate,202-224-6521,https://www.moran.senate.gov,JerryMoran,jerrymoran,senatorjerrymoran,senjerrymoran
Kansas,Roger Marshall,R,Senate,202-224-4774,https://www.marshall.senate.gov,SenatorMarshall,RogerMarshallMD,UCR3nOFMqBB-kRpKFwgapMaQ,senrogermarshall
Kentucky,James Comer,R,KY-01,202-225-3115,https://comer.house.gov,RepJamesComer,congressmancomer,,congressmancomer
Kentucky,Brett Guthrie,R,KY-02,202-225-3501,https://guthrie.house.gov,RepGuthrie,CongressmanGuthrie,BrettGuthrie,repguthrie
Kentucky,Morgan McGarvey,D,KY-03,202-225-5401,https://mcgarvey.house.gov,RepMcGarvey,RepMcGarvey,,repmcgarvey
Kentucky,Thomas Massie,R,KY-04,202-225-3465,https://massie.house.gov,RepThomasMassie,RepThomasMassie,repthomasmassie,repthomasmassie
Kentucky,Harold Rogers,R,KY-05,202-225-4601,https://halrogers.house.gov,RepHalRogers,CongressmanHalRogers,RepHalRogers,rephalrogers
Kentucky,Garland Barr,R,KY-06,202-225-4706,https://barr.house.gov,RepAndyBarr,RepAndyBarr,RepAndyBarr,RepAndyBarr
Kentucky,Mitch McConnell,R,Senate,202-224-2541,https://www.mcconnell.senate.gov,McConnellPress,mitchmcconnell,,mcconnellpress
Kentucky,Rand Paul,R,Senate,202-224-4343,https://www.paul.senate.gov,SenRandPaul,SenatorRandPaul,SenatorRandPaul,senatorrandpaul
Louisiana,Steve Scalise,R,LA-01,202-225-3015,https://scalise.house.gov,SteveScalise,RepSteveScalise,RepSteveScalise,stevescalise
Louisiana,Troy Carter,D,LA-02,202-225-6636,https://troycarter.house.gov,RepTroyCarter,RepTroyCarter,,
Louisiana,Clay Higgins,R,LA-03,202-225-2031,https://clayhiggins.house.gov,RepClayHiggins,CongressmanClayHiggins,,RepClayHiggins
Louisiana,Mike Johnson,R,LA-04,202-225-2777,https://mikejohnson.house.gov,RepMikeJohnson,RepMikeJohnson,,RepMikeJohnson
Louisiana,Julia Letlow,R,LA-05,202-225-8490,https://letlow.house.gov,RepJuliaLetlow,repjulialetlow,,
Louisiana,Cleo Fields,D,LA-06,202-225-3901,https://fields.house.gov,repfields,Congressman-Cleo-Fields,,repcleofields_
Louisiana,Bill Cassidy,R,Senate,202-224-5824,https://www.cassidy.senate.gov,SenBillCassidy,SenBillCassidy,SenatorBillCassidy,senbillcassidy
Louisiana,John Kennedy,R,Senate,202-224-4623,https://www.kennedy.senate.gov/public,SenJohnKennedy,JohnKennedyLouisiana,UCDgjkA5Y_npoxeUiSW18JZQ,SenJohnKennedy
Maine,Chellie Pingree,D,ME-01,202-225-6116,https://pingree.house.gov,ChelliePingree,ChelliePingree,congresswomanpingree,chelliepingree
Maine,Jared Golden,D,ME-02,202-225-6306,https://golden.house.gov,RepGolden,,,
Maine,Susan Collins,R,Senate,202-224-2523,https://www.collins.senate.gov,SenatorCollins,susancollins,SenatorSusanCollins,sensusancollins
Maine,Angus King,I,Senate,202-224-5344,https://www.king.senate.gov,SenAngusKing,SenatorAngusSKingJr,SenatorAngusKing,
Maryland,Andy Harris,R,MD-01,202-225-5311,https://harris.house.gov,RepAndyHarrisMD,AndyHarrisMD,RepAndyHarris,
Maryland,Johnny Olszewski,D,MD-02,202-225-3061,https://olszewski.house.gov,RepJohnnyO,,,repjohnnyo
Maryland,Sarah Elfreth,D,MD-03,202-225-4016,https://elfreth.house.gov,repsarahelfreth,RepSarahElfreth,,RepSarahElfreth
Maryland,Glenn Ivey,D,MD-04,202-225-8699,https://ivey.house.gov,RepGlennIvey,RepGlennIvey,,repglennivey
Maryland,Steny Hoyer,D,MD-05,202-225-4131,https://hoyer.house.gov,RepStenyHoyer,WhipHoyer,LeaderHoyer,repstenyhoyer
Maryland,April McClain Delaney,D,MD-06,202-225-2721,https://mcclaindelaney.house.gov,RepAprilDelaney,RepAprilDelaney,,repaprildelaney
Maryland,Kweisi Mfume,D,MD-07,202-225-4741,https://mfume.house.gov,RepKweisiMfume,RepKweisiMfume,UCbE6PJy-4U0DxosEW2TBQRA,repkweisimfume
Maryland,Jamie Raskin,D,MD-08,202-225-5341,https://raskin.house.gov,RepRaskin,repraskin,,repraskin
Maryland,Chris Van Hollen,D,Senate,202-224-4654,https://www.vanhollen.senate.gov,ChrisVanHollen,chrisvanhollen,RepChrisVanHollen,chrisvanhollen
Maryland,Angela Alsobrooks,D,Senate,202-224-4524,https://www.alsobrooks.senate.gov,,SenatorAlsobrooks,,sen_alsobrooks
Massachusetts,Richard Neal,D,MA-01,202-225-5601,https://neal.house.gov,RepRichardNeal,reprichardneal,RepRichardENeal,
Massachusetts,James McGovern,D,MA-02,202-225-6101,https://mcgovern.house.gov,RepMcGovern,RepJimMcGovern,repjimmcgovern,repmcgovern
Massachusetts,Lori Trahan,D,MA-03,202-225-3411,https://trahan.house.gov,RepLoriTrahan,reploritrahan,UCsRXg0BmoS4Rkjz-pqX1PmQ,reploritrahan
Massachusetts,Jake Auchincloss,D,MA-04,202-225-5931,https://auchincloss.house.gov,RepAuchincloss,RepAuchincloss,RepAuchincloss,
Massachusetts,Katherine Clark,D,MA-05,202-225-2836,https://katherineclark.house.gov,RepKClark,CongresswomanClark,,repkclark
Massachusetts,Seth Moulton,D,MA-06,202-225-8020,https://moulton.house.gov,RepMoulton,CongressmanSethMoulton,,repmoulton
Massachusetts,Ayanna Pressley,D,MA-07,202-225-5111,https://pressley.house.gov,RepPressley,RepAyannaPressley,UCkhjut8oXdxN7HGg5eRT9Fw,RepAyannaPressley
Massachusetts,Stephen Lynch,D,MA-08,202-225-8273,https://lynch.house.gov,RepStephenLynch,repstephenlynch,RepLynch,repstephenlynch
Massachusetts,William Keating,D,MA-09,202-225-3111,https://keating.house.gov,USRepKeating,Congressman.Keating,RepBillKeating,
Massachusetts,Edward Markey,D,Senate,202-224-2742,https://www.markey.senate.gov,SenMarkey,EdJMarkey,RepMarkey,senmarkeymemes
Massachusetts,Elizabeth Warren,D,Senate,202-224-4543,https://www.warren.senate.gov,SenWarren,senatorelizabethwarren,senelizabethwarren,senwarren
Michigan,Jack Bergman,R,MI-01,202-225-4735,https://bergman.house.gov,RepJackBergman,RepJackBergman,RepJackBergman,RepJackBergman
Michigan,John Moolenaar,R,MI-02,202-225-3561,https://moolenaar.house.gov,RepMoolenaar,RepMoolenaar,,RepMoolenaar
Michigan,Hillary Scholten,D,MI-03,202-225-3831,https://scholten.house.gov,RepScholten,100089476625799,,RepScholten
Michigan,Bill Huizenga,R,MI-04,202-225-4401,https://huizenga.house.gov,RepHuizenga,RepHuizenga,RepHuizenga,RepHuizenga
Michigan,Tim Walberg,R,MI-05,202-225-6276,https://walberg.house.gov,RepWalberg,RepWalberg,RepWalberg,repwalberg
Michigan,Debbie Dingell,D,MI-06,202-225-4071,https://debbiedingell.house.gov,RepDebDingell,RepDebbieDingell,,repdingell
Michigan,Tom Barrett,R,MI-07,202-225-4872,https://barrett.house.gov,reptombarrett,RepTomBarrett,,
Michigan,Kristen McDonald Rivet,D,MI-08,202-225-3611,https://mcdonaldrivet.house.gov,repkmr,repmcdonaldrivet,,repmcdonaldrivet
Michigan,Lisa McClain,R,MI-09,202-225-2106,https://mcclain.house.gov,RepLisaMcClain,RepLisaMcClain,,replisamcclain
Michigan,John James,R,MI-10,202-225-4961,https://james.house.gov,RepJames,RepJohnJames,@RepJohnJames,RepJohnJames
Michigan,Haley Stevens,D,MI-11,202-225-8171,https://stevens.house.gov,RepHaleyStevens,RepHaleyStevens,,
Michigan,Rashida Tlaib,D,MI-12,202-225-5126,https://tlaib.house.gov,RepRashida,RepRashida,UCl5GK07sD5TZIhKcsDNSExA,reprashida
Michigan,Shri Thanedar,D,MI-13,202-225-5802,https://thanedar.house.gov,RepShriThanedar,CongressmanShriThanedar,,RepShriThanedar
Michigan,Gary Peters,D,Senate,202-224-6221,https://www.peters.senate.gov,SenGaryPeters,SenGaryPeters,RepGaryPeters,sengarypeters
Michigan,Elissa Slotkin,D,Senate,202-224-4822,https://www.slotkin.senate.gov,RepSlotkin,SenElissaSlotkin,,senslotkin
Minnesota,Brad Finstad,R,MN-01,202-225-2472,https://finstad.house.gov,RepFinstad,RepFinstad,@repfinstad,repfinstad
Minnesota,Angie Craig,D,MN-02,202-225-2271,https://craig.house.gov,RepAngieCraig,RepAngieCraig,,
Minnesota,Kelly Morrison,D,MN-03,202-225-2871,https://morrison.house.gov,kellymorrisonmn,repkellymorrison,,kellymorrisonmn
Minnesota,Betty McCollum,D,MN-04,202-225-6631,https://mccollum.house.gov,BettyMcCollum04,repbettymccollum,BMcCollum04,repbettymccollum
Minnesota,Ilhan Omar,D,MN-05,202-225-4755,https://omar.house.gov,Ilhan,,,
Minnesota,Tom Emmer,R,MN-06,202-225-2331,https://emmer.house.gov,RepTomEmmer,reptomemmer,RepTomEmmer,reptomemmer
Minnesota,Michelle Fischbach,R,MN-07,202-225-2165,https://fischbach.house.gov,RepFischbach,repfischbach,UCAxs5zhFdAkGbkRnuC3osDw,repfischbach
Minnesota,Pete Stauber,R,MN-08,202-225-6211,https://stauber.house.gov,RepPeteStauber,RepPeteStauber,,
Minnesota,Amy Klobuchar,D,Senate,202-224-3244,https://www.klobuchar.senate.gov,SenAmyKlobuchar,,senatorklobuchar,
Minnesota,Tina Smith,D,Senate,202-224-5641,https://www.smith.senate.gov,SenTinaSmith,USSenTinaSmith,,senatortinasmith
Mississippi,Trent Kelly,R,MS-01,202-225-4306,https://trentkelly.house.gov,RepTrentKelly,reptrentkelly,,reptrentkelly
Mississippi,Bennie Thompson,D,MS-02,202-225-5876,https://benniethompson.house.gov,BennieGThompson,CongressmanBennieGThompson,RepBennieThompson,benniegthompson
Mississippi,Michael Guest,R,MS-03,202-225-5031,https://guest.house.gov,RepMichaelGuest,RepMichaelGuest,,
Mississippi,Mike Ezell,R,MS-04,202-225-5772,https://ezell.house.gov,RepEzell,repezell,UCseRXy2_n4j97lndfkQ_hAw,repmikeezell
Mississippi,Roger Wicker,R,Senate,202-224-6253,https://www.wicker.senate.gov,SenatorWicker,SenatorWicker,SenatorWicker,senatorwicker
Mississippi,Cindy Hyde-Smith,R,Senate,202-224-5054,https://www.hydesmith.senate.gov,SenHydeSmith,SenatorCindyHydeSmith,,sencindyhydesmith
Missouri,Wesley Bell,D,MO-01,202-225-2406,https://bell.house.gov,RepWesleyBellMO,61571538239904,,
Missouri,Ann Wagner,R,MO-02,202-225-1621,https://wagner.house.gov,RepAnnWagner,RepAnnWagner,,repannwagner
Missouri,Robert Onder,R,MO-03,202-225-2956,https://onder.house.gov,RepBobOnder,RepBobOnder,,repbobonder
Missouri,Mark Alford,R,MO-04,202-225-2876,https://alford.house.gov,RepMarkAlford,100089595940547,@RepAlford,RepMarkAlford
Missouri,Emanuel Cleaver,D,MO-05,202-225-4535,https://cleaver.house.gov,RepCleaver,emanuelcleaverii,repcleaver,repcleaver
Missouri,Sam Graves,R,MO-06,202-225-7041,https://graves.house.gov,RepSamGraves,118514606128,,repsamgraves
Missouri,Eric Burlison,R,MO-07,202-225-6536,https://burlison.house.gov,RepEricBurlison,100089208900263,UCuJFygzYhGiXMZHjhTQy20w,RepEricBurlison
Missouri,Jason Smith,R,MO-08,202-225-4404,https://jasonsmith.house.gov,RepJasonSmith,repjasonsmith,RepJasonSmith,
Missouri,Joshua Hawley,R,Senate,202-224-6154,https://www.hawley.senate.gov,SenHawleyPress,SenatorHawley,UCMzt8xq6qQ3XQ_DlNfJx0-w,senatorhawley
Missouri,Eric Schmitt,R,Senate,202-224-5721,https://www.schmitt.senate.gov,SenEricSchmitt,116059838031776,@senericschmitt,senericschmitt
Montana,Ryan Zinke,R,MT-01,202-225-5628,https://zinke.house.gov,RepRyanZinke,RepRyanZinke,,RepRyanZinke
Montana,Troy Downing,R,MT-02,202-225-3211,https://downing.house.gov,reptroydowning,reptroydowning,,reptroydowning
Montana,Steve Daines,R,Senate,202-224-2651,https://www.daines.senate.gov,SteveDaines,SteveDainesMT,SteveDainesMT,stevedaines
Montana,Tim Sheehy,R,Senate,202-224-2644,https://www.sheehy.senate.gov,,,,
Nebraska,Mike Flood,R,NE-01,202-225-4806,https://flood.house.gov,USRepMikeFlood,Congressman-Mike-Flood-101986952582058,,
Nebraska,Don Bacon,R,NE-02,202-225-4155,https://bacon.house.gov,RepDonBacon,RepDonBacon,,RepDonBacon
Nebraska,Adrian Smith,R,NE-03,202-225-6435,https://adriansmith.house.gov,RepAdrianSmith,repadriansmith,RepAdrianSmith,RepAdrianSmith
Nebraska,Deb Fischer,R,Senate,202-224-6551,https://www.fischer.senate.gov,SenatorFischer,senatordebfischer,senatordebfischer,senatorfischer
Nebraska,Pete Ricketts,R,Senate,202-224-4224,https://www.ricketts.senate.gov,SenatorRicketts,SenatorRicketts,@SenatorRicketts,SenatorRicketts
Nevada,Dina Titus,D,NV-01,202-225-5965,https://titus.house.gov,RepDinaTitus,CongresswomanTitus,CongresswomanTitus,dinatitusnv
Nevada,Mark Amodei,R,NV-02,202-225-6155,https://amodei.house.gov,MarkAmodeiNV2,MarkAmodeiNV2,markamodeinv2,MarkAmodeiNV2
Nevada,Susie Lee,D,NV-03,202-225-3252,https://susielee.house.gov,RepSusieLee,RepSusieLee,,repsusielee
Nevada,Steven Horsford,D,NV-04,202-225-9894,https://horsford.house.gov,RepHorsford,,UCNEpy5bPXiyAavRzYnPlhDQ,rephorsford
Nevada,Catherine Cortez Masto,D,Senate,202-224-3542,https://www.cortezmasto.senate.gov,SenCortezMasto,SenatorCortezMasto,,sencortezmasto
Nevada,Jacky Rosen,D,Senate,202-224-6244,https://www.rosen.senate.gov,SenJackyRosen,RepJackyRosen,,repjackyrosen
New Hampshire,Chris Pappas,D,NH-01,202-225-5456,https://pappas.house.gov,RepChrisPappas,,,
New Hampshire,Maggie Goodlander,D,NH-02,202-225-5206,https://goodlander.house.gov,RepGoodlander,61571606604866,,repgoodlander
New Hampshire,Jeanne Shaheen,D,Senate,202-224-2841,https://www.shaheen.senate.gov,SenatorShaheen,SenatorShaheen,senatorshaheen,senatorshaheen
New Hampshire,Margaret Hassan,D,Senate,202-224-3324,https://www.hassan.senate.gov,SenatorHassan,SenatorHassan,,senatorhassan
New Jersey,Donald Norcross,D,NJ-01,202-225-6501,https://norcross.house.gov,DonaldNorcross,DonaldNorcrossNJ,,donald_norcross
New Jersey,Jefferson Van Drew,R,NJ-02,202-225-6572,https://vandrew.house.gov,Congressman_JVD,CongressmanJVD,UCc5AGO_bQLeiv313Bbr35fg,jeffvandrew
New Jersey,Herbert Conaway,D,NJ-03,202-225-4765,https://conaway.house.gov,RepHerbConaway,,,
New Jersey,Christopher Smith,R,NJ-04,202-225-3765,https://chrissmith.house.gov,,RepChrisSmith,USRepChrisSmith,repchrissmith
New Jersey,Josh Gottheimer,D,NJ-05,202-225-4465,https://gottheimer.house.gov,RepJoshG,RepJoshG,,RepJoshG
New Jersey,Frank Pallone,D,NJ-06,202-225-4671,https://pallone.house.gov,FrankPallone,repfrankpallone,repfrankpallone,repfrankpallone
New Jersey,Thomas Kean,R,NJ-07,202-225-5361,https://kean.house.gov,CongressmanKean,CongressmanKean,,congressmankean
New Jersey,Robert Menendez,D,NJ-08,202-225-7919,https://menendez.house.gov,RepMenendez,repmenendez,,repmenendez
New Jersey,Nellie Pou,D,NJ-09,202-225-5751,https://pou.house.gov,caohouse,CAOHouseofReps,,housecreativeservices
New Jersey,LaMonica McIver,D,NJ-10,202-225-3436,https://mciver.house.gov,RepLaMonica,RepLaMonica,,replamonica
New Jersey,Mikie Sherrill,D,NJ-11,202-225-5034,https://sherrill.house.gov,RepSherrill,RepMikieSherrill,,
New Jersey,Bonnie Watson Coleman,D,NJ-12,202-225-5801,https://watsoncoleman.house.gov,RepBonnie,RepBonnie,,repbonnie
New Jersey,Cory Booker,D,Senate,202-224-3224,https://www.booker.senate.gov,SenBooker,SenatorCoryBooker,SenCoryBooker,corybooker
New Jersey,Andy Kim,D,Senate,202-224-4744,https://www.kim.senate.gov,,SenatorAndyKim,,SenatorAndyKim
New Mexico,Melanie Stansbury,D,NM-01,202-225-6316,https://stansbury.house.gov,Rep_Stansbury,RepStansbury,,
New Mexico,Gabriel (Gabe) Vasquez,D,NM-02,202-225-2365,https://vasquez.house.gov,RepGabeVasquez,100089328694464,,RepGabeVasquez
New Mexico,Teresa Leger Fernandez,D,NM-03,202-225-6190,https://fernandez.house.gov,RepTeresaLF,RepTeresaLF,@rep.teresalegerfernandez8059,repteresalf
New Mexico,Martin Heinrich,D,Senate,202-224-5521,https://www.heinrich.senate.gov,MartinHeinrich,MartinHeinrich,SenMartinHeinrich,senatormartinheinrich
New Mexico,Ben Luján,D,Senate,202-224-6621,https://www.lujan.senate.gov,SenatorLujan,SenatorLujan,,senatorlujan
New York,Nicolas LaLota,R,NY-01,202-225-3826,https://lalota.house.gov,RepLaLota,replalota,,replalota
New York,Andrew Garbarino,R,NY-02,202-225-7896,https://garbarino.house.gov,RepGarbarino,RepAndrewGarbarino,,
New York,Thomas Suozzi,D,NY-03,202-225-3335,https://suozzi.house.gov,reptomsuozzi,RepTomSuozzi,,
New York,Laura Gillen,D,NY-04,202-225-5516,https://gillen.house.gov,RepLauraGillen,replauragillen,,replauragillen
New York,Gregory Meeks,D,NY-05,202-225-3461,https://meeks.house.gov,RepGregoryMeeks,gregorymeeksny05,gwmeeks,repgregorymeeks
New York,Grace Meng,D,NY-06,202-225-2601,https://meng.house.gov,RepGraceMeng,repgracemeng,,
New York,Nydia Velázquez,D,NY-07,202-225-2361,https://velazquez.house.gov,NydiaVelazquez,8037068318,nydiavelazquez,
New York,Hakeem Jeffries,D,NY-08,202-225-5936,https://jeffries.house.gov,RepJeffries,RepHakeemJeffries,,repjeffries
New York,Yvette Clarke,D,NY-09,202-225-6231,https://clarke.house.gov,RepYvetteClarke,repyvettedclarke,repyvetteclarke,repyvettedclarke
New York,Dan Goldman,D,NY-10,202-225-7944,https://goldman.house.gov,RepDanGoldman,RepDanGoldman,,repdangoldman
New York,Nicole Malliotakis,R,NY-11,202-225-3371,https://malliotakis.house.gov,RepMalliotakis,RepNicole,,
New York,Jerrold Nadler,D,NY-12,202-225-5635,https://nadler.house.gov,RepJerryNadler,CongressmanNadler,congressmannadler,
New York,Adriano Espaillat,D,NY-13,202-225-4365,https://espaillat.house.gov,RepEspaillat,RepEspaillat,,repadrianoespaillat
New York,Alexandria Ocasio-Cortez,D,NY-14,202-225-3965,https://ocasio-cortez.house.gov,RepAOC,repaoc,,
New York,Ritchie Torres,D,NY-15,202-225-4361,https://ritchietorres.house.gov,RepRitchie,RepRitchie,@RepRitchie,repritchie
New York,George Latimer,D,NY-16,202-225-2464,https://latimer.house.gov,RepGLatimer,61571201977917,,repglatimer
New York,Michael Lawler,R,NY-17,202-225-6506,https://lawler.house.gov,RepMikeLawler,RepMikeLawler,@RepMikeLawler,RepMikeLawler
New York,Patrick Ryan,D,NY-18,202-225-5614,https://patryan.house.gov,RepPatRyanNY,,,
New York,Josh Riley,D,NY-19,202-225-5441,https://riley.house.gov,,RepRileyNY,,RepRileyNY
New York,Paul Tonko,D,NY-20,202-225-5076,https://tonko.house.gov,RepPaulTonko,reppaultonko,reppaultonko,reppaultonko
New York,Elise Stefanik,R,NY-21,202-225-4611,https://stefanik.house.gov,RepStefanik,RepEliseStefanik,,repstefanik
New York,John Mannion,D,NY-22,202-225-3701,https://mannion.house.gov,JohnMannionNY22,CongressmanJohnMannion,,congressmannion
New York,Nicholas Langworthy,R,NY-23,202-225-3161,https://langworthy.house.gov,RepLangworthy,RepLangworthy,,replangworthy
New York,Claudia Tenney,R,NY-24,202-225-3665,https://tenney.house.gov,RepTenney,RepClaudiaTenney,,
New York,Joseph Morelle,D,NY-25,202-225-3615,https://morelle.house.gov,RepJoeMorelle,RepJoeMorelle,,
New York,Timothy Kennedy,D,NY-26,202-225-3306,https://kennedy.house.gov,reptimkennedy,reptimkennedy,@reptimkennedy,reptimkennedy
New York,Kirsten Gillibrand,D,Senate,202-224-4451,https://www.gillibrand.senate.gov,GillibrandNY,SenKirstenGillibrand,KirstenEGillibrand,senkirstengillibrand
New York,Charles Schumer,D,Senate,202-224-6542,https://www.schumer.senate.gov,SenSchumer,senschumer,SenatorSchumer,senschumer
North Carolina,Donald Davis,D,NC-01,202-225-3101,https://dondavis.house.gov,RepDonDavis,RepDonDavis,,RepDonDavis
North Carolina,Deborah Ross,D,NC-02,202-225-3032,https://ross.house.gov,RepDeborahRoss,RepDeborahRoss,,repdeborahross
North Carolina,Gregory Murphy,R,NC-03,202-225-3415,https://murphy.house.gov,RepGregMurphy,RepGregMurphy,,repgregmurphy
North Carolina,Valerie Foushee,D,NC-04,202-225-1784,https://foushee.house.gov,ValerieFoushee,RepValerieFoushee,@RepValerieFoushee,repvaleriefoushee
North Carolina,Virginia Foxx,R,NC-05,202-225-2071,https://foxx.house.gov,VirginiaFoxx,RepVirginiaFoxx,repvirginiafoxx,repvirginiafoxx
North Carolina,Addison McDowell,R,NC-06,202-225-3065,https://mcdowell.house.gov,RepMcDowell,RepMcDowell,,repmcdowell
North Carolina,David Rouzer,R,NC-07,202-225-2731,https://rouzer.house.gov,RepDavidRouzer,RepRouzer,,repdavidrouzer
North Carolina,Mark Harris,R,NC-08,202-225-1976,https://markharris.house.gov,RepMarkHarrisNC,RepMarkHarris,,repmarkharris
North Carolina,Richard Hudson,R,NC-09,202-225-3715,https://hudson.house.gov,RepRichHudson,RepRichHudson,RepRichHudson,
North Carolina,Pat Harrigan,R,NC-10,202-225-2576,https://harrigan.house.gov,RepPatHarrigan,RepPatHarrigan,,RepPatHarrigan
North Carolina,Charles (Chuck) Edwards,R,NC-11,202-225-6401,https://edwards.house.gov,RepEdwards,RepChuckEdwards,,repchuckedwards
North Carolina,Alma Adams,D,NC-12,202-225-1510,https://adams.house.gov,RepAdams,CongresswomanAdams,,repadams
North Carolina,Brad Knott,R,NC-13,202-225-4531,https://knott.house.gov,RepKnott,61571474013264,,repknott
North Carolina,Tim Moore,R,NC-14,202-225-5634,https://timmoore.house.gov,RepTimMooreNC,CongressmanTimMoore,,reptimmoore
North Carolina,Thom Tillis,R,Senate,202-224-6342,https://www.tillis.senate.gov,SenThomTillis,SenatorThomTillis,,senthomtillis
North Carolina,Ted Budd,R,Senate,202-224-3154,https://www.budd.senate.gov,RepTedBudd,RepTedBudd,@sentedbudd,sentedbudd
North Dakota,Julie Fedorchak,R,ND-AL,202-225-2611,https://fedorchak.house.gov,RepFedorchak,RepJulieFedorchak,,RepJulieFedorchak
North Dakota,John Hoeven,R,Senate,202-224-2551,https://www.hoeven.senate.gov,SenJohnHoeven,SenatorJohnHoeven,senatorjohnhoevennd,senjohnhoeven
North Dakota,Kevin Cramer,R,Senate,202-224-2043,https://www.cramer.senate.gov,SenKevinCramer,CongressmanKevinCramer,kevincramer,repkevincramer
Northern Mariana Islands,Kimberlyn King-Hinds,R,MP-AL,202-225-2646,https://king-hinds.house.gov,RepKimKingHinds,61571529818077,,RepKimKingHinds
Ohio,Greg Landsman,D,OH-01,202-225-2216,https://landsman.house.gov,repgreglandsman,RepGregLandsman,,repgreglandsman
Ohio,David Taylor,R,OH-02,202-225-3164,https://taylor.house.gov,RepDaveTaylor,61571224837800,,repdavetaylor
Ohio,Joyce Beatty,D,OH-03,202-225-4324,https://beatty.house.gov,RepBeatty,RepJoyceBeatty,,repbeatty
Ohio,Jim Jordan,R,OH-04,202-225-2676,https://jordan.house.gov,Jim_Jordan,repjimjordan,RepJimJordan,
Ohio,Robert Latta,R,OH-05,202-225-6405,https://latta.house.gov,BobLatta,boblatta,CongressmanBobLatta,boblatta
Ohio,Michael Rulli,R,OH-06,202-225-5705,https://rulli.house.gov,,,,
Ohio,Max Miller,R,OH-07,202-225-3876,https://maxmiller.house.gov,repmaxmiller,CongressmanMaxMiller,@RepMaxMiller,repmaxmiller
Ohio,Warren Davidson,R,OH-08,202-225-6205,https://davidson.house.gov,WarrenDavidson,CongressmanWarrenDavidson,,instawarrendavidson
Ohio,Marcy Kaptur,D,OH-09,202-225-4146,https://kaptur.house.gov,RepMarcyKaptur,RepresentativeMarcyKaptur,USRepMarcyKaptur,repmarcykaptur
Ohio,Michael Turner,R,OH-10,202-225-6465,https://turner.house.gov,RepMikeTurner,RepMikeTurner,CongressmanTurner,repmiketurner
Ohio,Shontel Brown,D,OH-11,202-225-7032,https://shontelbrown.house.gov,RepShontelBrown,RepShontelBrown,,
Ohio,Troy Balderson,R,OH-12,202-225-5355,https://balderson.house.gov,RepBalderson,RepTroyBalderson,UCm6vJzx-mu4Xr56FnQKRz0w,
Ohio,Emilia Sykes,D,OH-13,202-225-6265,https://sykes.house.gov,RepEmiliaSykes,repemiliasykes,@repemiliasykes,RepEmiliaSykes
Ohio,David Joyce,R,OH-14,202-225-5731,https://joyce.house.gov,RepDaveJoyce,RepDaveJoyce,repdavejoyce,repdavejoyce
Ohio,Mike Carey,R,OH-15,202-225-2015,https://carey.house.gov,RepMikeCarey,RepMikeCarey,@congressmanmikecarey,
Ohio,Bernie Moreno,R,Senate,202-224-2315,https://www.moreno.senate.gov,berniemoreno,,,Berniemorenoforohio
Ohio,Jon Husted,R,Senate,202-224-3353,https://www.husted.senate.gov,,,,
Oklahoma,Kevin Hern,R,OK-01,202-225-2211,https://hern.house.gov,repkevinhern,repkevinhern,UC9XRRGCgGOEtEOwUAo1rYZg,
Oklahoma,Josh Brecheen,R,OK-02,202-225-2701,https://brecheen.house.gov,repbrecheen,100089040632497,UCSX3nV53o-1-e0nFA6pPs2w,repbrecheen
Oklahoma,Frank Lucas,R,OK-03,202-225-5565,https://lucas.house.gov,RepFrankLucas,RepFrankLucas,RepFrankLucas,repfranklucas
Oklahoma,Tom Cole,R,OK-04,202-225-6165,https://cole.house.gov,TomColeOK04,TomColeOK04,reptomcole,TomColeOK04
Oklahoma,Stephanie Bice,R,OK-05,202-225-2132,https://bice.house.gov,RepBice,RepStephanieBice,,
Oklahoma,James Lankford,R,Senate,202-224-5754,https://www.lankford.senate.gov,SenatorLankford,SenatorLankford,SenatorLankford,senatorlankford
Oklahoma,Markwayne Mullin,R,Senate,202-224-4721,https://www.mullin.senate.gov,SenMullin,RepMullin,,senmullin
Oregon,Suzanne Bonamici,D,OR-01,202-225-0855,https://bonamici.house.gov,RepBonamici,congresswomanbonamici,RepSuzanneBonamici,RepBonamici
Oregon,Cliff Bentz,R,OR-02,202-225-6730,https://bentz.house.gov,RepBentz,RepBentz,,repbentz
Oregon,Maxine Dexter,D,OR-03,202-225-4811,https://dexter.house.gov,RepDexterOR,RepDexterOR,,repdexteror
Oregon,Valerie Hoyle,D,OR-04,202-225-6416,https://hoyle.house.gov,repvalhoyle,repvalhoyle,,RepHoyle
Oregon,Janelle Bynum,D,OR-05,202-225-5711,https://bynum.house.gov,RepBynum,repbynum,,repbynum
Oregon,Andrea Salinas,D,OR-06,202-225-5643,https://salinas.house.gov,repsalinas,RepSalinas,,repsalinas
Oregon,Jeff Merkley,D,Senate,202-224-3753,https://www.merkley.senate.gov,SenJeffMerkley,jeffmerkley,SenatorJeffMerkley,senjeffmerkley
Oregon,Ron Wyden,D,Senate,202-224-5244,https://www.wyden.senate.gov,RonWyden,senatorronwyden,senronwyden,ronwyden
Pennsylvania,Brian Fitzpatrick,R,PA-01,202-225-4276,https://fitzpatrick.house.gov,RepBrianFitz,repbrianfitzpatrick,,repbrianfitz
Pennsylvania,Brendan Boyle,D,PA-02,202-225-6111,https://boyle.house.gov,CongBoyle,CongressmanBoyle,,
Pennsylvania,Dwight Evans,D,PA-03,202-225-4001,https://evans.house.gov,RepDwightEvans,RepDwightEvans,,repdwightevans
Pennsylvania,Madeleine Dean,D,PA-04,202-225-4731,https://dean.house.gov,RepDean,RepMadeleineDean,UCHj4veUyhPzzOW-Jvn7MqUg,repmadeleinedean
Pennsylvania,Mary Scanlon,D,PA-05,202-225-2011,https://scanlon.house.gov,RepMGS,repmgs,,repmgs
Pennsylvania,Chrissy Houlahan,D,PA-06,202-225-4315,https://houlahan.house.gov,RepHoulahan,RepChrissyHoulahan,UCGydnnhsUZqFBscmcWcT-zQ,repchrissyhoulahan
Pennsylvania,Ryan Mackenzie,R,PA-07,202-225-6411,https://mackenzie.house.gov,RepMackenzie,repmackenzie,,RepMackenzie
Pennsylvania,Robert Bresnahan,R,PA-08,202-225-5546,https://bresnahan.house.gov,RepBresnahan,RepBresnahan,,RepBresnahan
Pennsylvania,Daniel Meuser,R,PA-09,202-225-6511,https://meuser.house.gov,RepMeuser,RepMeuser,,
Pennsylvania,Scott Perry,R,PA-10,202-225-5836,https://perry.house.gov,RepScottPerry,repscottperry,RepScottPerry,repscottperry
Pennsylvania,Lloyd Smucker,R,PA-11,202-225-2411,https://smucker.house.gov,RepSmucker,RepSmucker,,
Pennsylvania,Summer Lee,D,PA-12,202-225-2135,https://summerlee.house.gov,RepSummerLee,RepSummerLee,UCqQJ44qlkVxWV5N12YeacyA,repsummerlee
Pennsylvania,John Joyce,R,PA-13,202-225-2431,https://johnjoyce.house.gov,RepJohnJoyce,,,
Pennsylvania,Guy Reschenthaler,R,PA-14,202-225-2065,https://reschenthaler.house.gov,GReschenthaler,GReschenthaler,RepGuyReschenthaler,greschenthaler
Pennsylvania,Glenn Thompson,R,PA-15,202-225-5121,https://thompson.house.gov,CongressmanGT,CongressmanGT,CongressmanGT,congressman_gt
Pennsylvania,Mike Kelly,R,PA-16,202-225-5406,https://kelly.house.gov,MikeKellyPA,191056827594903,repmikekelly,
Pennsylvania,Chris Deluzio,D,PA-17,202-225-2301,https://deluzio.house.gov,RepDeluzio,RepChrisDeluzio,,RepDeluzio
Pennsylvania,John Fetterman,D,Senate,202-224-4254,https://www.fetterman.senate.gov,,SenFettermanPA,,senfettermanpa
Pennsylvania,Dave McCormick,R,Senate,202-224-6324,https://www.mccormick.senate.gov,,SenMcCormickPA,@SenMcCormickPA,senmccormickpa
Puerto Rico,Pablo José Hernández Rivera,D,PR-AL,202-225-2615,https://hernandez.house.gov,reppablojose,61569891687422,,reppablojose
Rhode Island,Gabe Amo,D,RI-01,202-225-4911,https://amo.house.gov,RepGabeAmo,61553581414066,,repgabeamo
Rhode Island,Seth Magaziner,D,RI-02,202-225-2735,https://magaziner.house.gov,Rep_Magaziner,repsethmagaziner,,
Rhode Island,Sheldon Whitehouse,D,Senate,202-224-2921,https://www.whitehouse.senate.gov,SenWhitehouse,SenatorWhitehouse,SenatorWhitehouse,SenWhitehouse
Rhode Island,John Reed,D,Senate,202-224-4642,https://www.reed.senate.gov,SenJackReed,SenJackReed,SenatorReed,
South Carolina,Nancy Mace,R,SC-01,202-225-3176,https://mace.house.gov,RepNancyMace,RepNancyMace,,repnancymace
South Carolina,Joe Wilson,R,SC-02,202-225-2452,https://joewilson.house.gov,RepJoeWilson,JoeWilson,RepJoeWilson,repjoewilson
South Carolina,Sheri Biggs,R,SC-03,202-225-5301,https://sheribiggs.house.gov,repsheribiggs,RepSheriBiggs,,RepSheriBiggs
South Carolina,William Timmons,R,SC-04,202-225-6030,https://timmons.house.gov,RepTimmons,reptimmons,,reptimmons
South Carolina,Ralph Norman,R,SC-05,202-225-5501,https://norman.house.gov,RepRalphNorman,RepRalphNorman,UCVVIZjUpGRB1pgQGDBVBU8Q,repralphnorman
South Carolina,James Clyburn,D,SC-06,202-225-3315,https://clyburn.house.gov,RepJamesClyburn,jameseclyburn,repjamesclyburn,repjamesclyburn
South Carolina,Russell Fry,R,SC-07,202-225-9895,https://fry.house.gov,RepRussellFry,reprussellfry,@reprussellfry,reprussellfry
South Carolina,Lindsey Graham,R,Senate,202-224-5972,https://www.lgraham.senate.gov/public,GrahamBlog,USSenatorLindseyGraham,USSenLindseyGraham,
South Carolina,Tim Scott,R,Senate,202-224-6121,https://www.scott.senate.gov,SenatorTimScott,SenatorTimScott,SenatorTimScott,SenatorTimScott
South Dakota,Dusty Johnson,R,SD-AL,202-225-2801,https://dustyjohnson.house.gov,RepDustyJohnson,,,
South Dakota,John Thune,R,Senate,202-224-2321,https://www.thune.senate.gov,SenJohnThune,LeaderJohnThune,johnthune,senjohnthune
South Dakota,Mike Rounds,R,Senate,202-224-5842,https://www.rounds.senate.gov,SenatorRounds,SenatorMikeRounds,,senatorrounds
Tennessee,Diana Harshbarger,R,TN-01,202-225-6356,https://harshbarger.house.gov,RepHarshbarger,RepDianaHarshbarger,,
Tennessee,Tim Burchett,R,TN-02,202-225-5435,https://burchett.house.gov,RepTimBurchett,,,
Tennessee,Charles Fleischmann,R,TN-03,202-225-3271,https://fleischmann.house.gov,RepChuck,repchuck,repchuck,
Tennessee,Scott DesJarlais,R,TN-04,202-225-6831,https://desjarlais.house.gov,DesJarlaisTN04,ScottDesJarlaisTN04,ScottDesJarlaisTN04,desjarlaistn04
Tennessee,Andrew Ogles,R,TN-05,202-225-4311,https://ogles.house.gov,repogles,RepAndyOgles,,repandyogles
Tennessee,John Rose,R,TN-06,202-225-4231,https://johnrose.house.gov,RepJohnRose,repjohnrose,,
Tennessee,Mark Green,R,TN-07,202-225-2811,https://markgreen.house.gov,RepMarkGreen,RepMarkGreenTN,UC5kpqepPIdUNaMtfGb-7MwA,repmarkgreen
Tennessee,David Kustoff,R,TN-08,202-225-4714,https://kustoff.house.gov,RepDavidKustoff,RepDavidKustoff,,repdavidkustoff
Tennessee,Steve Cohen,D,TN-09,202-225-3265,https://cohen.house.gov,RepCohen,CongressmanSteveCohen,repcohen,repcohen
Tennessee,Marsha Blackburn,R,Senate,202-224-3344,https://www.blackburn.senate.gov,MarshaBlackburn,marshablackburn,RepMarshaBlackburn,marshablackburn
Tennessee,Bill Hagerty,R,Senate,202-224-4944,https://www.hagerty.senate.gov,SenatorHagerty,SenatorBillHagerty,UCqLlLx05ScUwxVHvevyaDFg,senatorhagerty
Texas,Nathaniel Moran,R,TX-01,202-225-3035,https://moran.house.gov,RepNateMoran,RepNateMoran,@RepNateMoran,RepNateMoran
Texas,Dan Crenshaw,R,TX-02,202-225-6565,https://crenshaw.house.gov,RepDanCrenshaw,RepDanCrenshaw,UC2XDiCjAHtJqnSEzrHAY5IQ,dancrenshawtx
Texas,Keith Self,R,TX-03,202-225-4201,https://keithself.house.gov,repkeithself,repkeithself,,repkeithself
Texas,Patrick Fallon,R,TX-04,202-225-6673,https://fallon.house.gov,RepPatFallon,RepPatFallon,RepPatFallon,RepPatFallon
Texas,Lance Gooden,R,TX-05,202-225-3484,https://gooden.house.gov,,,UCaEs0pYlL_1cLlPBHfl0RIg,
Texas,Jake Ellzey,R,TX-06,202-225-2002,https://ellzey.house.gov,RepEllzey,RepJakeEllzey,,
Texas,Lizzie Fletcher,D,TX-07,202-225-2571,https://fletcher.house.gov,RepFletcher,RepFletcher,UCIWDLoDPvawP118TNWi-9rg,repfletcher
Texas,Morgan Luttrell,R,TX-08,202-225-4901,https://luttrell.house.gov,RepLuttrell,100089328790942,,repluttrelltx
Texas,Al Green,D,TX-09,202-225-7508,https://algreen.house.gov,RepAlGreen,repalgreen,RepAlGreen,repalgreen
Texas,Michael McCaul,R,TX-10,202-225-2401,https://mccaul.house.gov,RepMcCaul,michaeltmccaul,MichaelTMcCaul,congressman_mccaul
Texas,August Pfluger,R,TX-11,202-225-3605,https://pfluger.house.gov,RepPfluger,RepAugustPfluger,UC8bJT16wpa7co50ELvpMTTg,repaugustpfluger
Texas,Craig Goldman,R,TX-12,202-225-5071,https://craiggoldman.house.gov,RepCraigGoldman,61571449239416,,repcraiggoldman
Texas,Ronny Jackson,R,TX-13,202-225-3706,https://jackson.house.gov,RepRonnyJackson,RepRonnyJackson,,RepRonnyJackson
Texas,Randy Weber,R,TX-14,202-225-2831,https://weber.house.gov,TXRandy14,TXRandy14,TXRandy14,TXRandy14
Texas,Mónica De La Cruz,R,TX-15,202-225-9901,https://delacruz.house.gov,RepMonicaDLC,RepMonicaDLC,@RepMonicaDLC,RepMonicaDLC
Texas,Veronica Escobar,D,TX-16,202-225-4831,https://escobar.house.gov,RepEscobar,RepEscobar,UC46TX2P8K0CA_4gZv8_R2Og,repescobar
Texas,Pete Sessions,R,TX-17,202-225-6105,https://sessions.house.gov,PeteSessions,petesessions,@congressmanpetesessions,congressmanpetesessions
Texas,Jodey Arrington,R,TX-19,202-225-4005,https://arrington.house.gov,RepArrington,JodeyArrington,UC3lif8TFPOe-tJ2-pE4Rp7Q,repjodeyarrington
Texas,Joaquin Castro,D,TX-20,202-225-3236,https://castro.house.gov,JoaquinCastrotx,326420614138023,JoaquinCastroTX,joaquincastrotx
Texas,Chip Roy,R,TX-21,202-225-4236,https://roy.house.gov,RepChipRoy,,,
Texas,Troy Nehls,R,TX-22,202-225-5951,https://nehls.house.gov,RepTroyNehls,RepTroyNehls,,reptroynehls
Texas,Ernest Gonzales,R,TX-23,202-225-4511,https://gonzales.house.gov,RepTonyGonzales,RepTonyGonzales,,
Texas,Beth Van Duyne,R,TX-24,202-225-6605,https://vanduyne.house.gov,RepBethVanDuyne,RepBethVanDuyne,,repbethvanduyne
Texas,Roger Williams,R,TX-25,202-225-9896,https://williams.house.gov,RepRWilliams,RepRogerWilliams,,
Texas,Brandon Gill,R,TX-26,202-225-7772,https://gill.house.gov,repbrandongill,RepBrandonGill,,repbrandongill
Texas,Michael Cloud,R,TX-27,202-225-7742,https://cloud.house.gov,RepCloudTX,RepCloudTX,RepCloudTX,repcloudtx
Texas,Henry Cuellar,D,TX-28,202-225-1640,https://cuellar.house.gov,RepCuellar,152569121550,henrycuellar,RepCuellar
Texas,Sylvia Garcia,D,TX-29,202-225-1688,https://sylviagarcia.house.gov,RepSylviaGarcia,RepSylviaGarcia,,
Texas,Jasmine Crockett,D,TX-30,202-225-8885,https://crockett.house.gov,RepJasmine,RepJasmine,,RepJasmine
Texas,John Carter,R,TX-31,202-225-3864,https://carter.house.gov,JudgeCarter,judgecarter,repjohncarter,judgecarter
Texas,Julie Johnson,D,TX-32,202-225-2231,https://juliejohnson.house.gov,RepJulieJohnson,61569064997067,,repjuliejohnson
Texas,Marc Veasey,D,TX-33,202-225-9897,https://veasey.house.gov,RepVeasey,CongressmanMarcVeasey,marcveasey,repveasey
Texas,Vicente Gonzalez,D,TX-34,202-225-2531,https://gonzalez.house.gov,RepGonzalez,USCongressmanVicenteGonzalez,,repvicentegonzaleztx
Texas,Gregorio Casar,D,TX-35,202-225-5645,https://casar.house.gov,RepCasar,RepCasar,,RepCasar
Texas,Brian Babin,R,TX-36,202-225-1555,https://babin.house.gov,RepBrianBabin,RepBrianBabin,,
Texas,Lloyd Doggett,D,TX-37,202-225-4865,https://doggett.house.gov,RepLloydDoggett,lloyddoggett,doggett,replloyddoggett
Texas,Wesley Hunt,R,TX-38,202-225-5646,https://hunt.house.gov,RepWesleyHunt,RepWesleyHunt,,repwph
Texas,John Cornyn,R,Senate,202-224-2934,https://www.cornyn.senate.gov,JohnCornyn,sen.johncornyn,senjohncornyn,
Texas,Ted Cruz,R,Senate,202-224-5922,https://www.cruz.senate.gov,SenTedCruz,SenatorTedCruz,sentedcruz,sentedcruz
U.S. Virgin Islands,Stacey Plaskett,D,VI-AL,202-225-1790,https://plaskett.house.gov,StaceyPlaskett,repstaceyplaskett,,stacey_plaskett
Utah,Blake Moore,R,UT-01,202-225-0453,https://blakemoore.house.gov,RepBlakeMoore,RepBlakeMoore,@RepBlakeMoore,repblakemoore
Utah,Celeste Maloy,R,UT-02,202-225-9730,https://maloy.house.gov,RepMaloyUtah,61555755717517,@RepCelesteMaloy,RepCelesteMaloy
Utah,Mike Kennedy,R,UT-03,202-225-7751,https://mikekennedy.house.gov,repmikekennedy,RepMikeKennedy,,repmikekennedy
Utah,Clarence Owens,R,UT-04,202-225-3011,https://owens.house.gov,RepBurgessOwens,CongressmanBurgessOwens,UCxeB7xjbLDJM9Yw6brXsX6Q,repburgessowens
Utah,Mike Lee,R,Senate,202-224-5444,https://www.lee.senate.gov,SenMikeLee,senatormikelee,senatormikelee,senmikelee
Utah,John Curtis,R,Senate,202-224-5251,https://www.curtis.senate.gov,RepJohnCurtis,RepJohnCurtis,,repjohncurtis
Vermont,Becca Balint,D,VT-AL,202-225-4115,https://balint.house.gov,RepBeccaB,repbeccab,YouTubeChannelID,repbeccab
Vermont,Bernard Sanders,I,Senate,202-224-5141,https://www.sanders.senate.gov,SenSanders,senatorsanders,senatorsanders,
Vermont,Peter Welch,D,Senate,202-224-4242,https://www.welch.senate.gov,PeterWelch,PeterWelch,reppeterwelch,reppeterwelch
Virginia,Robert Wittman,R,VA-01,202-225-4261,https://wittman.house.gov,RobWittman,RepRobWittman,RobWittman,reprobwittman
Virginia,Jennifer Kiggans,R,VA-02,202-225-4215,https://kiggans.house.gov,RepJenKiggans,repjenkiggans,@repjenkiggans,repjenkiggans
Virginia,Robert Scott,D,VA-03,202-225-8351,https://bobbyscott.house.gov,BobbyScott,RepBobbyScott,repbobbyscott,repbobbyscott
Virginia,Jennifer McClellan,D,VA-04,202-225-6365,https://mcclellan.house.gov,RepMcClellan,,,repmcclellan
Virginia,John McGuire,R,VA-05,202-225-4711,https://mcguire.house.gov,RepJohnMcGuire,RepJohnMcGuire,,repjohnmcguire
Virginia,Ben Cline,R,VA-06,202-225-5431,https://cline.house.gov,RepBenCline,RepBenCline,@congressmanbencline8000,repbencline
Virginia,Eugene Vindman,D,VA-07,202-225-2815,https://vindman.house.gov,RepVindman,CongressmanEugeneVindman,,repvindman
Virginia,Donald Beyer,D,VA-08,202-225-4376,https://beyer.house.gov,RepDonBeyer,RepDonBeyer,,repdonbeyer
Virginia,H. Griffith,R,VA-09,202-225-3861,https://morgangriffith.house.gov,RepMGriffith,RepMorganGriffith,RepMorganGriffith,hmorgangriffith
Virginia,Suhas Subramanyam,D,VA-10,202-225-5136,https://subramanyam.house.gov,RepSuhas,RepSuhasSubramanyam,,repsuhas
Virginia,Gerald Connolly,D,VA-11,202-225-1492,https://connolly.house.gov,GerryConnolly,CongressmanGerryConnolly,repconnolly,repgerryconnolly
Virginia,Mark Warner,D,Senate,202-224-2023,https://www.warner.senate.gov,MarkWarner,MarkRWarner,SenatorMarkWarner,senatorwarner
Virginia,Timothy Kaine,D,Senate,202-224-4024,https://www.kaine.senate.gov,,SenatorKaine,SenatorTimKaine,sentimkaine
Washington,Suzan DelBene,D,WA-01,202-225-6311,https://delbene.house.gov,RepDelBene,RepDelBene,,repdelbene
Washington,Rick Larsen,D,WA-02,202-225-2605,https://larsen.house.gov,RepRickLarsen,RepRickLarsen,congressmanlarsen,repricklarsen
Washington,Marie Gluesenkamp Perez,D,WA-03,202-225-3536,https://gluesenkampperez.house.gov,RepMGP,RepMGP,@repmgp,repmgp
Washington,Dan Newhouse,R,WA-04,202-225-5816,https://newhouse.house.gov,RepNewhouse,RepNewhouse,,repnewhouse
Washington,Michael Baumgartner,R,WA-05,202-225-2006,https://baumgartner.house.gov,repbaumgartner,RepBaumgartner,,repbaumgartner
Washington,Emily Randall,D,WA-06,202-225-5916,https://randall.house.gov,,,,
Washington,Pramila Jayapal,D,WA-07,202-225-3106,https://jayapal.house.gov,RepJayapal,RepJayapal,,repjayapal
Washington,Kim Schrier,D,WA-08,202-225-7761,https://schrier.house.gov,RepKimSchrier,repkimschrier,,
Washington,Adam Smith,D,WA-09,202-225-8901,https://adamsmith.house.gov,RepAdamSmith,RepAdamSmith,CongressmanAdamSmith,repadamsmith
Washington,Marilyn Strickland,D,WA-10,202-225-9740,https://strickland.house.gov,RepStricklandWA,RepStricklandWA,,repstricklandwa
Washington,Maria Cantwell,D,Senate,202-224-3441,https://www.cantwell.senate.gov,SenatorCantwell,senatorcantwell,SenatorCantwell,
Washington,Patty Murray,D,Senate,202-224-2621,https://www.murray.senate.gov,PattyMurray,,SenatorPattyMurray,senpattymurray
West Virginia,Carol Miller,R,WV-01,202-225-3452,https://miller.house.gov,RepCarolMiller,RepCarolMiller,,
West Virginia,Riley Moore,R,WV-02,202-225-2711,https://rileymoore.house.gov,RepRileyMoore,,,reprileymoore
West Virginia,Shelley Capito,R,Senate,202-224-6472,https://www.capito.senate.gov,SenCapito,senshelley,,sencapito
West Virginia,Jim Justice,R,Senate,202-224-3954,https://www.justice.senate.gov,,100044187231175,,senjimjustice
Wisconsin,Bryan Steil,R,WI-01,202-225-3031,https://steil.house.gov,RepBryanSteil,,,
Wisconsin,Mark Pocan,D,WI-02,202-225-2906,https://pocan.house.gov,RepMarkPocan,repmarkpocan,repmarkpocan,repmarkpocan
Wisconsin,Derrick Van Orden,R,WI-03,202-225-5506,https://vanorden.house.gov,RepVanOrden,RepVanOrden,,RepVanOrden
Wisconsin,Gwen Moore,D,WI-04,202-225-4572,https://gwenmoore.house.gov,RepGwenMoore,GwenSMoore,RepGwenMoore,RepGwenMoore
Wisconsin,Scott Fitzgerald,R,WI-05,202-225-5101,https://fitzgerald.house.gov,RepFitzgerald,CongressmanScottFitzgerald,,
Wisconsin,Glenn Grothman,R,WI-06,202-225-2476,https://grothman.house.gov,RepGrothman,RepGrothman,,repglenngrothman
Wisconsin,Thomas Tiffany,R,WI-07,202-225-3365,https://tiffany.house.gov,RepTiffany,RepTiffany,,
Wisconsin,Tony Wied,R,WI-08,202-225-5665,https://wied.house.gov,RepTonyWied,61568624194199,,reptonywied
Wisconsin,Tammy Baldwin,D,Senate,202-224-5653,https://www.baldwin.senate.gov,SenatorBaldwin,senatortammybaldwin,witammybaldwin,senatorbaldwin
Wisconsin,Ron Johnson,R,Senate,202-224-5323,https://www.ronjohnson.senate.gov,SenRonJohnson,senronjohnson,SenatorRonJohnson,senronjohnson
Wyoming,Harriet Hageman,R,WY-AL,202-225-2311,https://hageman.house.gov,RepHageman,,@rephageman,
Wyoming,John Barrasso,R,Senate,202-224-6441,https://www.barrasso.senate.gov,SenJohnBarrasso,johnbarrasso,barrassowyo,
Wyoming,Cynthia Lummis,R,Senate,202-224-3424,https://www.lummis.senate.gov,SenLummis,sencynthialummis,,sencynthialummis
